Date,Open
2010-06-29,1.266667
2010-06-30,1.719333
2010-07-01,1.666667
2010-07-02,1.533333
2010-07-06,1.333333
2010-07-07,1.093333
2010-07-08,1.076
2010-07-09,1.172
2010-07-12,1.196667
2010-07-13,1.159333
2010-07-14,1.196
2010-07-15,1.329333
2010-07-16,1.38
2010-07-19,1.424667
2010-07-20,1.456667
2010-07-21,1.377333
2010-07-22,1.366667
2010-07-23,1.412667
2010-07-26,1.433333
2010-07-27,1.394
2010-07-28,1.37
2010-07-29,1.384667
2010-07-30,1.346667
2010-08-02,1.366667
2010-08-03,1.4
2010-08-04,1.463333
2010-08-05,1.436
2010-08-06,1.34
2010-08-09,1.326667
2010-08-10,1.31
2010-08-11,1.246
2010-08-12,1.186667
2010-08-13,1.212
2010-08-16,1.23
2010-08-17,1.264
2010-08-18,1.306
2010-08-19,1.236
2010-08-20,1.243333
2010-08-23,1.272667
2010-08-24,1.283333
2010-08-25,1.277333
2010-08-26,1.326
2010-08-27,1.316667
2010-08-30,1.313333
2010-08-31,1.310667
2010-09-01,1.308
2010-09-02,1.358
2010-09-03,1.391333
2010-09-07,1.374
2010-09-08,1.377333
2010-09-09,1.4
2010-09-10,1.383333
2010-09-13,1.392667
2010-09-14,1.369333
2010-09-15,1.398667
2010-09-16,1.476667
2010-09-17,1.401333
2010-09-20,1.378
2010-09-21,1.392667
2010-09-22,1.391333
2010-09-23,1.326
2010-09-24,1.33
2010-09-27,1.36
2010-09-28,1.402667
2010-09-29,1.412667
2010-09-30,1.466667
2010-10-01,1.379333
2010-10-04,1.362
2010-10-05,1.41
2010-10-06,1.404
2010-10-07,1.371333
2010-10-08,1.362
2010-10-11,1.362667
2010-10-12,1.346667
2010-10-13,1.376
2010-10-14,1.4
2010-10-15,1.392667
2010-10-18,1.368
2010-10-19,1.346667
2010-10-20,1.344
2010-10-21,1.374
2010-10-22,1.378667
2010-10-25,1.396
2010-10-26,1.386667
2010-10-27,1.416667
2010-10-28,1.426
2010-10-29,1.409333
2010-11-01,1.462667
2010-11-02,1.445333
2010-11-03,1.418667
2010-11-04,1.506667
2010-11-05,1.658
2010-11-08,1.633333
2010-11-09,1.666667
2010-11-10,1.632
2010-11-11,1.906667
2010-11-12,1.883333
2010-11-15,2.014667
2010-11-16,2.066667
2010-11-17,2.013333
2010-11-18,2.044667
2010-11-19,2.010667
2010-11-22,2.104667
2010-11-23,2.219333
2010-11-24,2.351333
2010-11-26,2.373333
2010-11-29,2.360667
2010-11-30,2.249333
2010-12-01,2.391333
2010-12-02,2.267333
2010-12-03,2.134
2010-12-06,2.09
2010-12-07,2.032667
2010-12-08,2.165333
2010-12-09,2.167333
2010-12-10,2.136667
2010-12-13,2.109333
2010-12-14,2.019333
2010-12-15,1.911333
2010-12-16,2
2010-12-17,2.089333
2010-12-20,2.109333
2010-12-21,2.12
2010-12-22,2.15
2010-12-23,2.084
2010-12-27,1.868
2010-12-28,1.723333
2010-12-29,1.802
2010-12-30,1.846667
2010-12-31,1.771333
2011-01-03,1.789333
2011-01-04,1.777333
2011-01-05,1.765333
2011-01-06,1.788667
2011-01-07,1.866667
2011-01-10,1.878
2011-01-11,1.906
2011-01-12,1.800667
2011-01-13,1.797333
2011-01-14,1.743333
2011-01-18,1.698667
2011-01-19,1.684667
2011-01-20,1.602
2011-01-21,1.541333
2011-01-24,1.568667
2011-01-25,1.643333
2011-01-26,1.647333
2011-01-27,1.649333
2011-01-28,1.658667
2011-01-31,1.603333
2011-02-01,1.620667
2011-02-02,1.610667
2011-02-03,1.588
2011-02-04,1.562667
2011-02-07,1.550667
2011-02-08,1.585333
2011-02-09,1.608667
2011-02-10,1.550667
2011-02-11,1.55
2011-02-14,1.576
2011-02-15,1.534
2011-02-16,1.54
2011-02-17,1.642
2011-02-18,1.555333
2011-02-22,1.525333
2011-02-23,1.478667
2011-02-24,1.452
2011-02-25,1.520667
2011-02-28,1.582667
2011-03-01,1.603333
2011-03-02,1.588
2011-03-03,1.632
2011-03-04,1.632
2011-03-07,1.662
2011-03-08,1.64
2011-03-09,1.644
2011-03-10,1.629333
2011-03-11,1.59
2011-03-14,1.588
2011-03-15,1.48
2011-03-16,1.524
2011-03-17,1.549333
2011-03-18,1.546
2011-03-21,1.536667
2011-03-22,1.515333
2011-03-23,1.474
2011-03-24,1.476
2011-03-25,1.495333
2011-03-28,1.513333
2011-03-29,1.553333
2011-03-30,1.607333
2011-03-31,1.77
2011-04-01,1.83
2011-04-04,1.788667
2011-04-05,1.726667
2011-04-06,1.799333
2011-04-07,1.79
2011-04-08,1.838667
2011-04-11,1.764667
2011-04-12,1.672
2011-04-13,1.675333
2011-04-14,1.658
2011-04-15,1.71
2011-04-18,1.675333
2011-04-19,1.684
2011-04-20,1.713333
2011-04-21,1.723333
2011-04-25,1.78
2011-04-26,1.777333
2011-04-27,1.795333
2011-04-28,1.804667
2011-04-29,1.846
2011-05-02,1.84
2011-05-03,1.825333
2011-05-04,1.785333
2011-05-05,1.813333
2011-05-06,1.793333
2011-05-09,1.8
2011-05-10,1.882667
2011-05-11,1.88
2011-05-12,1.804667
2011-05-13,1.866667
2011-05-16,1.866
2011-05-17,1.8
2011-05-18,1.74
2011-05-19,1.802
2011-05-20,1.884
2011-05-23,1.841333
2011-05-24,1.801333
2011-05-25,1.793333
2011-05-26,1.921333
2011-05-27,1.969333
2011-05-31,1.979333
2011-06-01,2
2011-06-02,1.901333
2011-06-03,1.996667
2011-06-06,2.006667
2011-06-07,1.929333
2011-06-08,1.896
2011-06-09,1.828667
2011-06-10,1.834667
2011-06-13,1.871333
2011-06-14,1.902667
2011-06-15,1.896
2011-06-16,1.844667
2011-06-17,1.791333
2011-06-20,1.752667
2011-06-21,1.749333
2011-06-22,1.824667
2011-06-23,1.813333
2011-06-24,1.842667
2011-06-27,1.848667
2011-06-28,1.852667
2011-06-29,1.9
2011-06-30,1.9
2011-07-01,1.938
2011-07-05,1.934667
2011-07-06,1.942667
2011-07-07,1.942667
2011-07-08,1.992667
2011-07-11,1.893333
2011-07-12,1.891333
2011-07-13,1.895333
2011-07-14,1.902
2011-07-15,1.852667
2011-07-18,1.822667
2011-07-19,1.838667
2011-07-20,1.866667
2011-07-21,1.927333
2011-07-22,1.913333
2011-07-25,1.934
2011-07-26,1.887333
2011-07-27,1.9
2011-07-28,1.84
2011-07-29,1.853333
2011-08-01,1.911333
2011-08-02,1.912667
2011-08-03,1.833333
2011-08-04,1.767333
2011-08-05,1.666
2011-08-08,1.54
2011-08-09,1.61
2011-08-10,1.696
2011-08-11,1.602667
2011-08-12,1.706667
2011-08-15,1.774667
2011-08-16,1.742
2011-08-17,1.759333
2011-08-18,1.666667
2011-08-19,1.590667
2011-08-22,1.540667
2011-08-23,1.462
2011-08-24,1.54
2011-08-25,1.591333
2011-08-26,1.514
2011-08-29,1.614667
2011-08-30,1.633333
2011-08-31,1.653333
2011-09-01,1.644
2011-09-02,1.577333
2011-09-06,1.5
2011-09-07,1.559333
2011-09-08,1.572
2011-09-09,1.558
2011-09-12,1.5
2011-09-13,1.534
2011-09-14,1.616667
2011-09-15,1.638667
2011-09-16,1.652
2011-09-19,1.663333
2011-09-20,1.732
2011-09-21,1.73
2011-09-22,1.709333
2011-09-23,1.699333
2011-09-26,1.768
2011-09-27,1.733333
2011-09-28,1.733333
2011-09-29,1.714667
2011-09-30,1.653333
2011-10-03,1.663333
2011-10-04,1.552667
2011-10-05,1.602
2011-10-06,1.691333
2011-10-07,1.798667
2011-10-10,1.820667
2011-10-11,1.834
2011-10-12,1.816667
2011-10-13,1.842
2011-10-14,1.866667
2011-10-17,1.857333
2011-10-18,1.82
2011-10-19,1.868
2011-10-20,1.829333
2011-10-21,1.826667
2011-10-24,1.858
2011-10-25,1.882
2011-10-26,1.879333
2011-10-27,1.889333
2011-10-28,1.9
2011-10-31,1.966667
2011-11-01,1.892667
2011-11-02,1.933333
2011-11-03,2
2011-11-04,2.097333
2011-11-07,2.109333
2011-11-08,2.091333
2011-11-09,2.058
2011-11-10,2.062667
2011-11-11,2.126667
2011-11-14,2.2
2011-11-15,2.194667
2011-11-16,2.232
2011-11-17,2.3
2011-11-18,2.242667
2011-11-21,2.162667
2011-11-22,2.117333
2011-11-23,2.117333
2011-11-25,2.103333
2011-11-28,2.133333
2011-11-29,2.166
2011-11-30,2.166667
2011-12-01,2.171333
2011-12-02,2.188667
2011-12-05,2.235333
2011-12-06,2.28
2011-12-07,2.308667
2011-12-08,2.056
2011-12-09,2.036
2011-12-12,2.029333
2011-12-13,2.038
2011-12-14,1.966667
2011-12-15,1.911333
2011-12-16,1.919333
2011-12-19,1.872667
2011-12-20,1.87
2011-12-21,1.860667
2011-12-22,1.84
2011-12-23,1.866667
2011-12-27,1.844
2011-12-28,1.932667
2011-12-29,1.906
2011-12-30,1.899333
2012-01-03,1.929333
2012-01-04,1.880667
2012-01-05,1.850667
2012-01-06,1.813333
2012-01-09,1.8
2012-01-10,1.829333
2012-01-11,1.841333
2012-01-12,1.898667
2012-01-13,1.893333
2012-01-17,1.774667
2012-01-18,1.779333
2012-01-19,1.812667
2012-01-20,1.793333
2012-01-23,1.787333
2012-01-24,1.775333
2012-01-25,1.818
2012-01-26,1.871333
2012-01-27,1.9
2012-01-30,1.966
2012-01-31,1.993333
2012-02-01,1.938
2012-02-02,1.981333
2012-02-03,2.027333
2012-02-06,2.073333
2012-02-07,2.12
2012-02-08,2.106667
2012-02-09,2.133333
2012-02-10,2.150667
2012-02-13,2.103333
2012-02-14,2.116
2012-02-15,2.206667
2012-02-16,2.233333
2012-02-17,2.266
2012-02-21,2.324667
2012-02-22,2.3
2012-02-23,2.266
2012-02-24,2.282
2012-02-27,2.227333
2012-02-28,2.242667
2012-02-29,2.254
2012-03-01,2.234
2012-03-02,2.293333
2012-03-05,2.29
2012-03-06,2.216667
2012-03-07,2.208
2012-03-08,2.207333
2012-03-09,2.213333
2012-03-12,2.312667
2012-03-13,2.434
2012-03-14,2.4
2012-03-15,2.352
2012-03-16,2.326667
2012-03-19,2.350667
2012-03-20,2.332
2012-03-21,2.329333
2012-03-22,2.331333
2012-03-23,2.284
2012-03-26,2.372667
2012-03-27,2.477333
2012-03-28,2.518667
2012-03-29,2.546
2012-03-30,2.501333
2012-04-02,2.488667
2012-04-03,2.446667
2012-04-04,2.351333
2012-04-05,2.34
2012-04-09,2.273333
2012-04-10,2.21
2012-04-11,2.216
2012-04-12,2.251333
2012-04-13,2.262667
2012-04-16,2.227333
2012-04-17,2.162
2012-04-18,2.139333
2012-04-19,2.183333
2012-04-20,2.209333
2012-04-23,2.190667
2012-04-24,2.121333
2012-04-25,2.138
2012-04-26,2.197333
2012-04-27,2.24
2012-04-30,2.218
2012-05-01,2.208667
2012-05-02,2.233333
2012-05-03,2.260667
2012-05-04,2.154667
2012-05-07,2.130667
2012-05-08,2.166667
2012-05-09,2.02
2012-05-10,2.198
2012-05-11,2.166
2012-05-14,2.128
2012-05-15,2.017333
2012-05-16,1.972
2012-05-17,1.953333
2012-05-18,1.891333
2012-05-21,1.838667
2012-05-22,2.006667
2012-05-23,2.037333
2012-05-24,2.083333
2012-05-25,2.010667
2012-05-29,2.000667
2012-05-30,2.072
2012-05-31,2.004667
2012-06-01,1.902
2012-06-04,1.868667
2012-06-05,1.856
2012-06-06,1.88
2012-06-07,1.987333
2012-06-08,1.924
2012-06-11,2.020667
2012-06-12,1.948667
2012-06-13,1.97
2012-06-14,2.012
2012-06-15,1.959333
2012-06-18,1.996
2012-06-19,2.134667
2012-06-20,2.233333
2012-06-21,2.284
2012-06-22,2.173333
2012-06-25,2.262667
2012-06-26,2.136667
2012-06-27,2.126667
2012-06-28,2.126667
2012-06-29,2.186667
2012-07-02,2.09
2012-07-03,2.04
2012-07-05,2.054
2012-07-06,2.066
2012-07-09,2.062667
2012-07-10,2.102667
2012-07-11,2.104667
2012-07-12,2.086
2012-07-13,2.198
2012-07-16,2.288
2012-07-17,2.333333
2012-07-18,2.094667
2012-07-19,2.181333
2012-07-20,2.138
2012-07-23,2.07
2012-07-24,2.044
2012-07-25,1.994667
2012-07-26,1.993333
2012-07-27,1.914
2012-07-30,1.967333
2012-07-31,1.836
2012-08-01,1.866
2012-08-02,1.789333
2012-08-03,1.793333
2012-08-06,1.836667
2012-08-07,1.918
2012-08-08,1.993333
2012-08-09,1.968
2012-08-10,1.954
2012-08-13,1.979333
2012-08-14,2.05
2012-08-15,1.959333
2012-08-16,1.968667
2012-08-17,2.019333
2012-08-20,2.01
2012-08-21,1.972
2012-08-22,1.934
2012-08-23,2
2012-08-24,2.004
2012-08-27,1.971333
2012-08-28,1.893333
2012-08-29,1.899333
2012-08-30,1.906667
2012-08-31,1.907333
2012-09-04,1.901333
2012-09-05,1.867333
2012-09-06,1.866667
2012-09-07,1.903333
2012-09-10,1.946667
2012-09-11,1.850667
2012-09-12,1.86
2012-09-13,1.904667
2012-09-14,2
2012-09-17,2.156667
2012-09-18,2.125333
2012-09-19,2.066667
2012-09-20,2.062
2012-09-21,2.073333
2012-09-24,1.967333
2012-09-25,1.908
2012-09-26,1.844
2012-09-27,1.854667
2012-09-28,1.915333
2012-10-01,1.966667
2012-10-02,1.952
2012-10-03,1.983333
2012-10-04,2
2012-10-05,1.98
2012-10-08,1.924
2012-10-09,1.941333
2012-10-10,1.892667
2012-10-11,1.929333
2012-10-12,1.888
2012-10-15,1.868
2012-10-16,1.844667
2012-10-17,1.883333
2012-10-18,1.932667
2012-10-19,1.855333
2012-10-22,1.866
2012-10-23,1.825333
2012-10-24,1.901333
2012-10-25,1.853333
2012-10-26,1.835333
2012-10-31,1.846667
2012-11-01,1.883333
2012-11-02,1.951333
2012-11-05,1.986667
2012-11-06,2.040667
2012-11-07,2.066667
2012-11-08,2.067333
2012-11-09,2.04
2012-11-12,2.019333
2012-11-13,2.086
2012-11-14,2.130667
2012-11-15,2.086667
2012-11-16,2.076667
2012-11-19,2.138
2012-11-20,2.186667
2012-11-21,2.174
2012-11-23,2.173333
2012-11-26,2.14
2012-11-27,2.142
2012-11-28,2.133333
2012-11-29,2.229333
2012-11-30,2.242
2012-12-03,2.259333
2012-12-04,2.272
2012-12-05,2.254667
2012-12-06,2.254667
2012-12-07,2.286667
2012-12-10,2.295333
2012-12-11,2.306667
2012-12-12,2.347333
2012-12-13,2.350667
2012-12-14,2.252
2012-12-17,2.251333
2012-12-18,2.284
2012-12-19,2.316667
2012-12-20,2.300667
2012-12-21,2.262667
2012-12-24,2.242667
2012-12-26,2.264
2012-12-27,2.233333
2012-12-28,2.225333
2012-12-31,2.2
2013-01-02,2.333333
2013-01-03,2.345333
2013-01-04,2.32
2013-01-07,2.32
2013-01-08,2.3
2013-01-09,2.267333
2013-01-10,2.258
2013-01-11,2.269333
2013-01-14,2.205333
2013-01-15,2.207333
2013-01-16,2.256667
2013-01-17,2.277333
2013-01-18,2.316
2013-01-22,2.304
2013-01-23,2.334667
2013-01-24,2.4
2013-01-25,2.466667
2013-01-28,2.457333
2013-01-29,2.54
2013-01-30,2.523333
2013-01-31,2.524667
2013-02-01,2.544667
2013-02-04,2.56
2013-02-05,2.533333
2013-02-06,2.545333
2013-02-07,2.612667
2013-02-08,2.63
2013-02-11,2.532
2013-02-12,2.563333
2013-02-13,2.553333
2013-02-14,2.576
2013-02-15,2.566667
2013-02-19,2.490667
2013-02-20,2.62
2013-02-21,2.432667
2013-02-22,2.381333
2013-02-25,2.41
2013-02-26,2.297333
2013-02-27,2.294
2013-02-28,2.392667
2013-03-01,2.333333
2013-03-04,2.318
2013-03-05,2.4
2013-03-06,2.467333
2013-03-07,2.515333
2013-03-08,2.537333
2013-03-11,2.591333
2013-03-12,2.593333
2013-03-13,2.6
2013-03-14,2.593333
2013-03-15,2.442667
2013-03-18,2.353333
2013-03-19,2.35
2013-03-20,2.350667
2013-03-21,2.396667
2013-03-22,2.413333
2013-03-25,2.473333
2013-03-26,2.532
2013-03-27,2.529333
2013-03-28,2.548667
2013-04-01,2.824
2013-04-02,2.906667
2013-04-03,2.873333
2013-04-04,2.740667
2013-04-05,2.8
2013-04-08,2.798
2013-04-09,2.786667
2013-04-10,2.713333
2013-04-11,2.804
2013-04-12,2.883333
2013-04-15,2.9
2013-04-16,2.946
2013-04-17,3.033333
2013-04-18,3.065333
2013-04-19,3.164
2013-04-22,3.24
2013-04-23,3.4
2013-04-24,3.393333
2013-04-25,3.366667
2013-04-26,3.542
2013-04-29,3.450667
2013-04-30,3.733333
2013-05-01,3.732667
2013-05-02,3.59
2013-05-03,3.764667
2013-05-06,3.759333
2013-05-07,4.133333
2013-05-08,3.833333
2013-05-09,4.674667
2013-05-10,4.643333
2013-05-13,5.399333
2013-05-14,6.281333
2013-05-15,5.453333
2013-05-16,6.313333
2013-05-17,6.166667
2013-05-20,6.074667
2013-05-21,5.9
2013-05-22,5.758
2013-05-23,5.654
2013-05-24,6.173333
2013-05-28,6.77
2013-05-29,7.57
2013-05-30,6.830667
2013-05-31,7.084
2013-06-03,6.508
2013-06-04,6.183333
2013-06-05,6.244
2013-06-06,6.35
2013-06-07,6.533333
2013-06-10,6.595333
2013-06-11,6.545333
2013-06-12,6.453333
2013-06-13,6.6
2013-06-14,6.666667
2013-06-17,6.906667
2013-06-18,6.783333
2013-06-19,6.804
2013-06-20,6.976667
2013-06-21,6.913333
2013-06-24,6.433333
2013-06-25,6.873333
2013-06-26,6.92
2013-06-27,7.116667
2013-06-28,7.238
2013-07-01,7.290667
2013-07-02,7.883333
2013-07-03,7.866667
2013-07-05,7.888
2013-07-08,8.091333
2013-07-09,8.309333
2013-07-10,8.212667
2013-07-11,8.325333
2013-07-12,8.366667
2013-07-15,8.868667
2013-07-16,8.418667
2013-07-17,7.101333
2013-07-18,8.064667
2013-07-19,7.9
2013-07-22,7.992667
2013-07-23,8.266667
2013-07-24,8.298
2013-07-25,8.026667
2013-07-26,8.542667
2013-07-29,8.621333
2013-07-30,8.986667
2013-07-31,8.838
2013-08-01,9
2013-08-02,8.972667
2013-08-05,9.334
2013-08-06,9.65
2013-08-07,9.459333
2013-08-08,10.29
2013-08-09,10.16
2013-08-12,9.962
2013-08-13,9.966667
2013-08-14,9.514667
2013-08-15,9.095333
2013-08-16,9.442
2013-08-19,9.562
2013-08-20,9.91
2013-08-21,10
2013-08-22,9.948
2013-08-23,10.466667
2013-08-26,11.01
2013-08-27,10.82
2013-08-28,11.270667
2013-08-29,10.948
2013-08-30,11.091333
2013-09-03,11.56
2013-09-04,11.318
2013-09-05,11.34
2013-09-06,11.238
2013-09-09,10.874667
2013-09-10,10.763333
2013-09-11,11.094
2013-09-12,10.933333
2013-09-13,10.851333
2013-09-16,11.2
2013-09-17,11.005333
2013-09-18,11.138
2013-09-19,11.386667
2013-09-20,11.926667
2013-09-23,12.298667
2013-09-24,11.942667
2013-09-25,12.237333
2013-09-26,12.446667
2013-09-27,12.501333
2013-09-30,12.6
2013-10-01,12.930667
2013-10-02,12.572667
2013-10-03,11.67
2013-10-04,11.76
2013-10-07,12.164
2013-10-08,12.293333
2013-10-09,11.648667
2013-10-10,11.539333
2013-10-11,11.516667
2013-10-14,11.666667
2013-10-15,12.352
2013-10-16,12.326667
2013-10-17,12.236
2013-10-18,12.276667
2013-10-21,12.218667
2013-10-22,11.366667
2013-10-23,11.260667
2013-10-24,11
2013-10-25,11.614
2013-10-28,11.345333
2013-10-29,10.850667
2013-10-30,10.975333
2013-10-31,10.378
2013-11-01,10.866667
2013-11-04,11
2013-11-05,12
2013-11-06,10.320667
2013-11-07,9.612667
2013-11-08,9.098667
2013-11-11,9.4
2013-11-12,9.646
2013-11-13,9.389333
2013-11-14,9.261333
2013-11-15,9.123333
2013-11-18,9.018
2013-11-19,7.962
2013-11-20,8.405333
2013-11-21,8.192667
2013-11-22,8.105333
2013-11-25,8.3
2013-11-26,7.958667
2013-11-27,8.087333
2013-11-29,8.651333
2013-12-02,8.423333
2013-12-03,8.845333
2013-12-04,9.621333
2013-12-05,9.343333
2013-12-06,9.434
2013-12-09,9.133333
2013-12-10,9.336667
2013-12-11,9.458667
2013-12-12,9.313333
2013-12-13,9.87
2013-12-16,9.898667
2013-12-17,9.838667
2013-12-18,10.149333
2013-12-19,9.793333
2013-12-20,9.438667
2013-12-23,9.656667
2013-12-24,10
2013-12-26,10.336
2013-12-27,10.353333
2013-12-30,10.074667
2013-12-31,10.154667
2014-01-02,9.986667
2014-01-03,10
2014-01-06,10
2014-01-07,9.841333
2014-01-08,9.923333
2014-01-09,10.166667
2014-01-10,9.897333
2014-01-13,9.718667
2014-01-14,9.366667
2014-01-15,11.23
2014-01-16,10.833333
2014-01-17,11.346
2014-01-21,11.416
2014-01-22,11.854
2014-01-23,11.815333
2014-01-24,11.856667
2014-01-27,11.677333
2014-01-28,11.433333
2014-01-29,11.686667
2014-01-30,11.866667
2014-01-31,11.923333
2014-02-03,12.192667
2014-02-04,12.046667
2014-02-05,11.886667
2014-02-06,11.753333
2014-02-07,12.067333
2014-02-10,12.622667
2014-02-11,13.264667
2014-02-12,13.052
2014-02-13,12.889333
2014-02-14,13.206667
2014-02-18,13.682667
2014-02-19,13.58
2014-02-20,14.334
2014-02-21,14.109333
2014-02-24,13.917333
2014-02-25,15.333333
2014-02-26,17.238667
2014-02-27,17.416668
2014-02-28,16.643333
2014-03-03,15.817333
2014-03-04,17.232
2014-03-05,17.114668
2014-03-06,16.942667
2014-03-07,16.862667
2014-03-10,16.18
2014-03-11,15.766667
2014-03-12,15.433333
2014-03-13,16.252666
2014-03-14,15.686
2014-03-17,15.663333
2014-03-18,15.796667
2014-03-19,16.092667
2014-03-20,15.744
2014-03-21,15.734667
2014-03-24,15.316667
2014-03-25,14.942667
2014-03-26,14.796667
2014-03-27,14.158
2014-03-28,14.186667
2014-03-31,14.433333
2014-04-01,13.934667
2014-04-02,14.666667
2014-04-03,15.353333
2014-04-04,15.067333
2014-04-07,13.720667
2014-04-08,14.003333
2014-04-09,14.450667
2014-04-10,14.454667
2014-04-11,13.374
2014-04-14,13.84
2014-04-15,13.272667
2014-04-16,13.133333
2014-04-17,13.307333
2014-04-21,13.138667
2014-04-22,13.757333
2014-04-23,14.422
2014-04-24,14.054
2014-04-25,13.466667
2014-04-28,13.333333
2014-04-29,13.214
2014-04-30,13.573333
2014-05-01,13.805333
2014-05-02,13.906667
2014-05-05,13.965333
2014-05-06,14.44
2014-05-07,13.976
2014-05-08,12.133333
2014-05-09,11.990667
2014-05-12,12.258
2014-05-13,12.250667
2014-05-14,12.596667
2014-05-15,12.665333
2014-05-16,12.596667
2014-05-19,12.714667
2014-05-20,13.129333
2014-05-21,13.078667
2014-05-22,13.356667
2014-05-23,13.635333
2014-05-27,13.901333
2014-05-28,14.001333
2014-05-29,14.038
2014-05-30,14.02
2014-06-02,13.822
2014-06-03,13.566
2014-06-04,13.623333
2014-06-05,13.631333
2014-06-06,13.983333
2014-06-09,13.863333
2014-06-10,13.628667
2014-06-11,13.433333
2014-06-12,13.673333
2014-06-13,13.652
2014-06-16,13.784
2014-06-17,14.940667
2014-06-18,15.433333
2014-06-19,15.258667
2014-06-20,15.234667
2014-06-23,15.300667
2014-06-24,15.931333
2014-06-25,15.536667
2014-06-26,15.811333
2014-06-27,15.646
2014-06-30,15.97
2014-07-01,16.164
2014-07-02,16.044001
2014-07-03,15.419333
2014-07-07,15.166667
2014-07-08,14.576667
2014-07-09,14.751333
2014-07-10,14.478667
2014-07-11,14.707333
2014-07-14,14.666
2014-07-15,15.115333
2014-07-16,14.788
2014-07-17,14.410667
2014-07-18,14.396667
2014-07-21,14.483333
2014-07-22,14.812667
2014-07-23,14.667333
2014-07-24,14.883333
2014-07-25,14.848
2014-07-28,14.95
2014-07-29,15.107333
2014-07-30,14.794667
2014-07-31,15.284
2014-08-01,15.072667
2014-08-04,15.625333
2014-08-05,15.831333
2014-08-06,15.926667
2014-08-07,16.674667
2014-08-08,16.743999
2014-08-11,17.032
2014-08-12,17.205334
2014-08-13,17.467333
2014-08-14,17.499332
2014-08-15,17.431999
2014-08-18,17.549999
2014-08-19,17.257999
2014-08-20,16.978001
2014-08-21,17.101334
2014-08-22,16.969334
2014-08-25,17.212667
2014-08-26,17.665333
2014-08-27,17.566668
2014-08-28,17.459333
2014-08-29,17.913334
2014-09-02,18.366667
2014-09-03,19.177999
2014-09-04,18.934
2014-09-05,18.836666
2014-09-08,18.507999
2014-09-09,18.865999
2014-09-10,18.633333
2014-09-11,18.697332
2014-09-12,18.700001
2014-09-15,18.291332
2014-09-16,17.01
2014-09-17,17.493999
2014-09-18,17.557333
2014-09-19,17.199333
2014-09-22,17
2014-09-23,16.348
2014-09-24,16.741333
2014-09-25,16.834667
2014-09-26,16.549999
2014-09-29,16.266666
2014-09-30,16.461332
2014-10-01,16.146667
2014-10-02,16.68
2014-10-03,16.870667
2014-10-06,17.275333
2014-10-07,17.235332
2014-10-08,17.34
2014-10-09,17.483334
2014-10-10,16.309334
2014-10-13,15.904667
2014-10-14,15.216667
2014-10-15,14.666667
2014-10-16,14.648
2014-10-17,15.558667
2014-10-20,15.114667
2014-10-21,15.618
2014-10-22,15.546
2014-10-23,15.644
2014-10-24,15.751333
2014-10-27,15.616667
2014-10-28,15.306667
2014-10-29,16.075333
2014-10-30,15.876
2014-10-31,16.167334
2014-11-03,16.200001
2014-11-04,16.032667
2014-11-05,16.066668
2014-11-06,15.632667
2014-11-07,16.146
2014-11-10,15.940667
2014-11-11,16.17
2014-11-12,16.648001
2014-11-13,16.708
2014-11-14,16.666668
2014-11-17,17.166
2014-11-18,17.057333
2014-11-19,16.707333
2014-11-20,16.530001
2014-11-21,16.813999
2014-11-24,16.346666
2014-11-25,16.49
2014-11-26,16.556
2014-11-28,16.356667
2014-12-01,16.077333
2014-12-02,15.638
2014-12-03,15.083333
2014-12-04,15.24
2014-12-05,15.244667
2014-12-08,14.769333
2014-12-09,13.956
2014-12-10,14.275333
2014-12-11,14.035333
2014-12-12,13.654667
2014-12-15,13.952667
2014-12-16,13.392667
2014-12-17,12.870667
2014-12-18,14.158667
2014-12-19,14.679333
2014-12-22,14.666667
2014-12-23,14.920667
2014-12-24,14.651333
2014-12-26,14.767333
2014-12-29,15.126667
2014-12-30,14.932667
2014-12-31,14.872667
2015-01-02,14.858
2015-01-05,14.303333
2015-01-06,14.004
2015-01-07,14.223333
2015-01-08,14.187333
2015-01-09,13.928
2015-01-12,13.536667
2015-01-13,13.554667
2015-01-14,12.388667
2015-01-15,12.966
2015-01-16,12.713333
2015-01-20,12.924667
2015-01-21,12.636667
2015-01-22,13.133333
2015-01-23,13.352667
2015-01-26,13.455333
2015-01-27,13.628
2015-01-28,13.740667
2015-01-29,13.404667
2015-01-30,13.597333
2015-02-02,13.598
2015-02-03,14.214667
2015-02-04,14.552667
2015-02-05,14.658667
2015-02-06,14.8
2015-02-09,14.358667
2015-02-10,14.503333
2015-02-11,14.147333
2015-02-12,12.904667
2015-02-13,13.526667
2015-02-17,13.713333
2015-02-18,13.611333
2015-02-19,13.666667
2015-02-20,14.052
2015-02-23,14.377333
2015-02-24,13.819333
2015-02-25,13.662667
2015-02-26,13.6
2015-02-27,13.793333
2015-03-02,13.513333
2015-03-03,13.120667
2015-03-04,13.283333
2015-03-05,13.523333
2015-03-06,13.280667
2015-03-09,12.959333
2015-03-10,12.564
2015-03-11,12.743333
2015-03-12,12.916667
2015-03-13,12.596667
2015-03-16,12.8
2015-03-17,13.028667
2015-03-18,12.997333
2015-03-19,13.466667
2015-03-20,13.163333
2015-03-23,13.233333
2015-03-24,13.438667
2015-03-25,13.218
2015-03-26,12.928
2015-03-27,12.604667
2015-03-30,12.39
2015-03-31,12.902
2015-04-01,12.58
2015-04-02,12.682
2015-04-06,13.2
2015-04-07,13.500667
2015-04-08,13.88
2015-04-09,13.895333
2015-04-10,13.99
2015-04-13,14.029333
2015-04-14,13.904667
2015-04-15,13.830667
2015-04-16,13.846667
2015-04-17,13.666
2015-04-20,13.785333
2015-04-21,13.72
2015-04-22,14.166667
2015-04-23,14.551333
2015-04-24,14.7
2015-04-27,14.837333
2015-04-28,15.65
2015-04-29,15.336667
2015-04-30,15.359333
2015-05-01,15.329333
2015-05-04,15.212
2015-05-05,15.850667
2015-05-06,15.606667
2015-05-07,14.733333
2015-05-08,15.732667
2015-05-11,15.752667
2015-05-12,16.007334
2015-05-13,16.507334
2015-05-14,16.321333
2015-05-15,16.261999
2015-05-18,16.466667
2015-05-19,16.562
2015-05-20,16.475332
2015-05-21,16.202
2015-05-22,16.358667
2015-05-26,16.511999
2015-05-27,16.567333
2015-05-28,16.468666
2015-05-29,16.733334
2015-06-01,16.760668
2015-06-02,16.594667
2015-06-03,16.546667
2015-06-04,16.5
2015-06-05,16.4
2015-06-08,16.723333
2015-06-09,17.026667
2015-06-10,16.793333
2015-06-11,16.884001
2015-06-12,16.680668
2015-06-15,16.646667
2015-06-16,16.675333
2015-06-17,16.811333
2015-06-18,17.466667
2015-06-19,17.493334
2015-06-22,17.476667
2015-06-23,17.354668
2015-06-24,17.798668
2015-06-25,17.763332
2015-06-26,17.926001
2015-06-29,17.463333
2015-06-30,17.653334
2015-07-01,18.073999
2015-07-02,18.68
2015-07-06,18.591999
2015-07-07,18.333332
2015-07-08,17.288
2015-07-09,17.271999
2015-07-10,17.481333
2015-07-13,17.483334
2015-07-14,17.473333
2015-07-15,17.782667
2015-07-16,17.614668
2015-07-17,18.166668
2015-07-20,18.333332
2015-07-21,18.003332
2015-07-22,17.417999
2015-07-23,17.976667
2015-07-24,17.825333
2015-07-27,17.495333
2015-07-28,17.049999
2015-07-29,17.618
2015-07-30,17.512667
2015-07-31,17.84
2015-08-03,17.752666
2015-08-04,17.334
2015-08-05,17.572001
2015-08-06,16.636
2015-08-07,16.238667
2015-08-10,15.876667
2015-08-11,15.81
2015-08-12,15.666667
2015-08-13,15.990667
2015-08-14,16.482668
2015-08-17,17.037333
2015-08-18,17.025333
2015-08-19,17.355333
2015-08-20,16.804001
2015-08-21,15.733333
2015-08-24,13.519333
2015-08-25,15.368
2015-08-26,15.195333
2015-08-27,15.4
2015-08-28,16.124001
2015-08-31,16.374666
2015-09-01,16.022667
2015-09-02,16.353333
2015-09-03,16.804001
2015-09-04,16.059334
2015-09-08,16.336666
2015-09-09,16.803333
2015-09-10,16.482
2015-09-11,16.509333
2015-09-14,16.74
2015-09-15,16.85
2015-09-16,16.869333
2015-09-17,17.597334
2015-09-18,17.197332
2015-09-21,17.598667
2015-09-22,17.268667
2015-09-23,17.463333
2015-09-24,17.302
2015-09-25,17.774
2015-09-28,17.156668
2015-09-29,16.697332
2015-09-30,16.799999
2015-10-01,16.500668
2015-10-02,15.706667
2015-10-05,16.589333
2015-10-06,16
2015-10-07,15.775333
2015-10-08,15.338667
2015-10-09,14.728667
2015-10-12,14.866
2015-10-13,14.218667
2015-10-14,14.711333
2015-10-15,14.428667
2015-10-16,14.869333
2015-10-19,15.1
2015-10-20,15.181333
2015-10-21,14.132667
2015-10-22,14.104
2015-10-23,14.333333
2015-10-26,14.092
2015-10-27,14.322667
2015-10-28,14.087333
2015-10-29,14.116667
2015-10-30,14.026667
2015-11-02,13.928
2015-11-03,14.256667
2015-11-04,15.133333
2015-11-05,15.372
2015-11-06,15.38
2015-11-09,15.532667
2015-11-10,14.898667
2015-11-11,14.518
2015-11-12,14.523333
2015-11-13,14.196667
2015-11-16,13.739333
2015-11-17,14.346667
2015-11-18,14.3
2015-11-19,14.702667
2015-11-20,14.899333
2015-11-23,14.49
2015-11-24,14.358
2015-11-25,14.756
2015-11-27,15.404
2015-11-30,15.452667
2015-12-01,15.404
2015-12-02,15.8
2015-12-03,15.698667
2015-12-04,15.497333
2015-12-07,15.18
2015-12-08,15.168
2015-12-09,15.113333
2015-12-10,14.980667
2015-12-11,15.016
2015-12-14,14.500667
2015-12-15,14.788
2015-12-16,14.806667
2015-12-17,15.596
2015-12-18,15.526
2015-12-21,15.446
2015-12-22,15.666
2015-12-23,15.478667
2015-12-24,15.370667
2015-12-28,15.432667
2015-12-29,15.337333
2015-12-30,15.773333
2015-12-31,15.900667
2016-01-04,15.381333
2016-01-05,15.090667
2016-01-06,14.666667
2016-01-07,14.279333
2016-01-08,14.524
2016-01-11,14.267333
2016-01-12,14.106667
2016-01-13,14.134
2016-01-14,13.480667
2016-01-15,13.264667
2016-01-19,13.914
2016-01-20,13.293333
2016-01-21,13.436667
2016-01-22,13.653333
2016-01-25,13.337333
2016-01-26,13.113333
2016-01-27,12.825333
2016-01-28,12.719333
2016-01-29,12.663333
2016-02-01,12.584
2016-02-02,12.828
2016-02-03,12.239333
2016-02-04,11.38
2016-02-05,11.42
2016-02-08,10.473333
2016-02-09,9.488
2016-02-10,10.033333
2016-02-11,10.133333
2016-02-12,10.333333
2016-02-16,10.58
2016-02-17,10.6
2016-02-18,11.494667
2016-02-19,10.910667
2016-02-22,11.341333
2016-02-23,11.744
2016-02-24,11.516667
2016-02-25,11.91
2016-02-26,12.58
2016-02-29,12.826667
2016-03-01,12.95
2016-03-02,12.248667
2016-03-03,12.552
2016-03-04,13.2
2016-03-07,13.178667
2016-03-08,13.566667
2016-03-09,13.634667
2016-03-10,14
2016-03-11,13.862
2016-03-14,14.176667
2016-03-15,14.284667
2016-03-16,14.533333
2016-03-17,14.764667
2016-03-18,15.273333
2016-03-21,15.689333
2016-03-22,15.814
2016-03-23,15.491333
2016-03-24,14.385333
2016-03-28,15.440667
2016-03-29,15.326
2016-03-30,15.672667
2016-03-31,15.289333
2016-04-01,16.322001
2016-04-04,16.608
2016-04-05,16.033333
2016-04-06,16.931334
2016-04-07,17.763332
2016-04-08,17.366667
2016-04-11,16.733334
2016-04-12,16.633333
2016-04-13,16.567333
2016-04-14,16.866667
2016-04-15,16.754
2016-04-18,16.815332
2016-04-19,16.874666
2016-04-20,16.417334
2016-04-21,16.599333
2016-04-22,16.592667
2016-04-25,16.867332
2016-04-26,16.803333
2016-04-27,16.85
2016-04-28,16.656668
2016-04-29,16.542667
2016-05-02,16.1
2016-05-03,15.824
2016-05-04,15.352667
2016-05-05,15.230667
2016-05-06,14.058
2016-05-09,14.381333
2016-05-10,13.836667
2016-05-11,13.839333
2016-05-12,14.096
2016-05-13,13.852
2016-05-16,13.876667
2016-05-17,13.936667
2016-05-18,13.943333
2016-05-19,14.241333
2016-05-20,14.466
2016-05-23,14.658
2016-05-24,14.44
2016-05-25,14.527333
2016-05-26,14.7
2016-05-27,14.999333
2016-05-31,14.869333
2016-06-01,14.765333
2016-06-02,14.639333
2016-06-03,14.666667
2016-06-06,14.533333
2016-06-07,14.816
2016-06-08,15.586667
2016-06-09,15.665333
2016-06-10,15.159333
2016-06-13,14.633333
2016-06-14,14.592
2016-06-15,14.463333
2016-06-16,14.494667
2016-06-17,14.520667
2016-06-20,14.633333
2016-06-21,14.712
2016-06-22,13.298
2016-06-23,13.046
2016-06-24,12.67
2016-06-27,12.724
2016-06-28,13.459333
2016-06-29,13.675333
2016-06-30,14.198
2016-07-01,13.742667
2016-07-05,13.982
2016-07-06,14
2016-07-07,14.206667
2016-07-08,14.52
2016-07-11,14.664
2016-07-12,14.94
2016-07-13,15.033333
2016-07-14,14.874667
2016-07-15,14.834667
2016-07-18,14.642667
2016-07-19,15
2016-07-20,15.098
2016-07-21,15.066667
2016-07-22,14.799333
2016-07-25,14.818
2016-07-26,15.179333
2016-07-27,15.289333
2016-07-28,15.196667
2016-07-29,15.38
2016-08-01,15.7
2016-08-02,15.291333
2016-08-03,15.158
2016-08-04,15.046
2016-08-05,15.333333
2016-08-08,15.2
2016-08-09,15.121333
2016-08-10,15.216
2016-08-11,15.078
2016-08-12,15.027333
2016-08-15,15.068
2016-08-16,15.032667
2016-08-17,14.955333
2016-08-18,14.921333
2016-08-19,14.902667
2016-08-22,14.944667
2016-08-23,14.954667
2016-08-24,15.136667
2016-08-25,14.874
2016-08-26,14.809333
2016-08-29,14.676667
2016-08-30,14.407333
2016-08-31,14.028667
2016-09-01,13.934
2016-09-02,13.488667
2016-09-06,13.268
2016-09-07,13.7
2016-09-08,13.303333
2016-09-09,13.272667
2016-09-12,13
2016-09-13,13.137333
2016-09-14,13.05
2016-09-15,13.099333
2016-09-16,13.361333
2016-09-19,13.8
2016-09-20,13.79
2016-09-21,13.758
2016-09-22,13.76
2016-09-23,13.732667
2016-09-26,13.766667
2016-09-27,13.976667
2016-09-28,13.834
2016-09-29,13.706667
2016-09-30,13.480667
2016-10-03,14.153333
2016-10-04,14.206667
2016-10-05,14.149333
2016-10-06,13.497333
2016-10-07,13.4
2016-10-10,13.423333
2016-10-11,13.456667
2016-10-12,13.396667
2016-10-13,13.366667
2016-10-14,13.377333
2016-10-17,13.136667
2016-10-18,13.066
2016-10-19,13.316
2016-10-20,13.474667
2016-10-21,13.24
2016-10-24,13.4
2016-10-25,13.526667
2016-10-26,13.4
2016-10-27,14.089333
2016-10-28,13.6
2016-10-31,13.499333
2016-11-01,13.202667
2016-11-02,12.67
2016-11-03,12.6
2016-11-04,12.6
2016-11-07,12.906
2016-11-08,12.919333
2016-11-09,12.458667
2016-11-10,12.736667
2016-11-11,12.282667
2016-11-14,12.533333
2016-11-15,12.185333
2016-11-16,12.176667
2016-11-17,12.232667
2016-11-18,12.71
2016-11-21,12.336
2016-11-22,12.389333
2016-11-23,12.707333
2016-11-25,12.909333
2016-11-28,13.032
2016-11-29,13.037333
2016-11-30,12.733333
2016-12-01,12.55
2016-12-02,12.192
2016-12-05,12.167333
2016-12-06,12.368
2016-12-07,12.41
2016-12-08,12.803333
2016-12-09,12.724667
2016-12-12,12.853333
2016-12-13,12.878667
2016-12-14,13.249333
2016-12-15,13.227333
2016-12-16,13.205333
2016-12-19,13.499333
2016-12-20,13.536667
2016-12-21,13.896667
2016-12-22,13.881333
2016-12-23,13.866667
2016-12-27,14.325333
2016-12-28,14.768667
2016-12-29,14.570667
2016-12-30,14.42
2017-01-03,14.324
2017-01-04,14.316667
2017-01-05,15.094667
2017-01-06,15.128667
2017-01-09,15.264667
2017-01-10,15.466667
2017-01-11,15.271333
2017-01-12,15.270667
2017-01-13,15.333333
2017-01-17,15.78
2017-01-18,15.776667
2017-01-19,16.483334
2017-01-20,16.364
2017-01-23,16.389999
2017-01-24,16.666668
2017-01-25,17.153999
2017-01-26,16.952667
2017-01-27,16.758667
2017-01-30,16.835333
2017-01-31,16.615999
2017-02-01,16.870001
2017-02-02,16.556
2017-02-03,16.794001
2017-02-06,16.733334
2017-02-07,17.212667
2017-02-08,17.156668
2017-02-09,17.75
2017-02-10,17.986
2017-02-13,18.049334
2017-02-14,18.601999
2017-02-15,18.666668
2017-02-16,18.506666
2017-02-17,17.719999
2017-02-21,18.363333
2017-02-22,18.687332
2017-02-23,17.6
2017-02-24,16.844
2017-02-27,16.544666
2017-02-28,16.279333
2017-03-01,16.945333
2017-03-02,16.647333
2017-03-03,16.716
2017-03-06,16.527332
2017-03-07,16.794666
2017-03-08,16.466667
2017-03-09,16.508667
2017-03-10,16.414
2017-03-13,16.321333
2017-03-14,16.407333
2017-03-15,17.133333
2017-03-16,17.493334
2017-03-17,17.6
2017-03-20,17.373333
2017-03-21,17.521999
2017-03-22,16.770666
2017-03-23,17.025999
2017-03-24,17.046667
2017-03-27,17.373333
2017-03-28,18.468
2017-03-29,18.556
2017-03-30,18.535999
2017-03-31,18.582001
2017-04-03,19.126667
2017-04-04,19.792667
2017-04-05,20.136
2017-04-06,19.792
2017-04-07,19.833332
2017-04-10,20.610001
2017-04-11,20.892
2017-04-12,20.422667
2017-04-13,19.780001
2017-04-17,20.18
2017-04-18,19.98
2017-04-19,20.164
2017-04-20,20.434
2017-04-21,20.133333
2017-04-24,20.614668
2017-04-25,20.533333
2017-04-26,20.824667
2017-04-27,20.779333
2017-04-28,20.655333
2017-05-01,20.992001
2017-05-02,21.6
2017-05-03,21.177999
2017-05-04,20.496
2017-05-05,19.866667
2017-05-08,20.726667
2017-05-09,20.625334
2017-05-10,21.437332
2017-05-11,21.559999
2017-05-12,21.698668
2017-05-15,21.225332
2017-05-16,21.172667
2017-05-17,20.959333
2017-05-18,20.466667
2017-05-19,21.033333
2017-05-22,20.853333
2017-05-23,20.697332
2017-05-24,20.434
2017-05-25,20.734667
2017-05-26,21.152
2017-05-30,21.733334
2017-05-31,22.512667
2017-06-01,22.933332
2017-06-02,22.651333
2017-06-05,22.566668
2017-06-06,22.98
2017-06-07,23.756001
2017-06-08,24.25
2017-06-09,24.961332
2017-06-12,23.865999
2017-06-13,24.507999
2017-06-14,25.406
2017-06-15,24.833332
2017-06-16,25.198668
2017-06-19,25
2017-06-20,25.111334
2017-06-21,24.956667
2017-06-22,25.199333
2017-06-23,25.496668
2017-06-26,25.779333
2017-06-27,25.093332
2017-06-28,24.445333
2017-06-29,24.707333
2017-06-30,24.247334
2017-07-03,24.682667
2017-07-05,23.146667
2017-07-06,21.150667
2017-07-07,20.9
2017-07-10,20.860001
2017-07-11,21.066668
2017-07-12,22.026667
2017-07-13,22.007334
2017-07-14,21.546
2017-07-17,21.702667
2017-07-18,21.166668
2017-07-19,21.882
2017-07-20,21.793333
2017-07-21,21.964001
2017-07-24,22.016001
2017-07-25,23
2017-07-26,22.690666
2017-07-27,23.066668
2017-07-28,22.459333
2017-07-31,22.366667
2017-08-01,21.533333
2017-08-02,21.262667
2017-08-03,23.021999
2017-08-04,23.133333
2017-08-07,23.823334
2017-08-08,23.835333
2017-08-09,24.066668
2017-08-10,24.106667
2017-08-11,23.798
2017-08-14,24.308666
2017-08-15,24.346666
2017-08-16,24.200001
2017-08-17,24.080667
2017-08-18,23.527332
2017-08-21,23.054667
2017-08-22,22.742001
2017-08-23,22.599333
2017-08-24,23.501333
2017-08-25,23.615999
2017-08-28,23.152
2017-08-29,22.632
2017-08-30,23.311333
2017-08-31,23.57
2017-09-01,23.741333
2017-09-05,23.586666
2017-09-06,23.299999
2017-09-07,23.065332
2017-09-08,23.266001
2017-09-11,23.423332
2017-09-12,24.299334
2017-09-13,24.254667
2017-09-14,24.288668
2017-09-15,24.967333
2017-09-18,25.35
2017-09-19,25.333332
2017-09-20,24.866667
2017-09-21,24.993334
2017-09-22,24.432667
2017-09-25,23.543333
2017-09-26,23.395332
2017-09-27,23.326668
2017-09-28,22.658667
2017-09-29,22.790667
2017-10-02,22.834667
2017-10-03,22.393333
2017-10-04,23.416668
2017-10-05,23.733334
2017-10-06,23.540001
2017-10-09,23.309999
2017-10-10,23.120001
2017-10-11,23.592667
2017-10-12,23.530001
2017-10-13,23.798668
2017-10-16,23.584
2017-10-17,23.393999
2017-10-18,23.731333
2017-10-19,23.704
2017-10-20,23.512667
2017-10-23,23.325333
2017-10-24,22.586666
2017-10-25,22.446667
2017-10-26,21.851999
2017-10-27,21.316668
2017-10-30,21.278667
2017-10-31,21.348667
2017-11-01,22.15
2017-11-02,20.008667
2017-11-03,19.966667
2017-11-06,20.466667
2017-11-07,20.068001
2017-11-08,20.366667
2017-11-09,20.166668
2017-11-10,20.166668
2017-11-13,20.008667
2017-11-14,21
2017-11-15,20.400667
2017-11-16,20.932667
2017-11-17,21.711332
2017-11-20,20.919333
2017-11-21,20.724001
2017-11-22,21.118
2017-11-24,20.919333
2017-11-27,20.883333
2017-11-28,21.090668
2017-11-29,21.153334
2017-11-30,20.570667
2017-12-01,20.362667
2017-12-04,20.433332
2017-12-05,20.133333
2017-12-06,20.006666
2017-12-07,20.799999
2017-12-08,20.973333
2017-12-11,20.975332
2017-12-12,22.030001
2017-12-13,22.728666
2017-12-14,22.733999
2017-12-15,22.802668
2017-12-18,22.993334
2017-12-19,22.684
2017-12-20,22.179333
2017-12-21,21.972668
2017-12-22,21.967333
2017-12-26,21.588667
2017-12-27,21.066668
2017-12-28,20.783333
2017-12-29,21.078667
2018-01-02,20.799999
2018-01-03,21.4
2018-01-04,20.858
2018-01-05,21.108
2018-01-08,21.066668
2018-01-09,22.344
2018-01-10,22.146667
2018-01-11,22.349333
2018-01-12,22.575333
2018-01-16,22.502666
2018-01-17,22.698
2018-01-18,23.044666
2018-01-19,23
2018-01-22,23.293333
2018-01-23,24
2018-01-24,23.638666
2018-01-25,23.218
2018-01-26,22.766666
2018-01-29,22.656668
2018-01-30,23.009333
2018-01-31,23.167334
2018-02-01,23.4
2018-02-02,23.229334
2018-02-05,22.531334
2018-02-06,21.680668
2018-02-07,22.599333
2018-02-08,22.887333
2018-02-09,21.328667
2018-02-12,21.075333
2018-02-13,21.001333
2018-02-14,21.389334
2018-02-15,21.633333
2018-02-16,22.166668
2018-02-20,22.298
2018-02-21,22.402
2018-02-22,22.368668
2018-02-23,23.188667
2018-02-26,23.566668
2018-02-27,23.75
2018-02-28,23.504667
2018-03-01,23.000668
2018-03-02,21.798668
2018-03-05,22.159332
2018-03-06,22.25
2018-03-07,21.695999
2018-03-08,22.190666
2018-03-09,21.606667
2018-03-12,21.907333
2018-03-13,21.907333
2018-03-14,22.450666
2018-03-15,21.958668
2018-03-16,21.528667
2018-03-19,21.1
2018-03-20,20.991333
2018-03-21,20.683332
2018-03-22,20.926001
2018-03-23,20.75
2018-03-26,20.489332
2018-03-27,20.266666
2018-03-28,17.638666
2018-03-29,17.099333
2018-04-02,17.084
2018-04-03,17.988001
2018-04-04,16.851999
2018-04-05,19.289333
2018-04-06,20.066668
2018-04-09,20.024668
2018-04-10,19.931334
2018-04-11,20.049334
2018-04-12,20.154667
2018-04-13,20.24
2018-04-16,19.933332
2018-04-17,19.257999
2018-04-18,19.405333
2018-04-19,19.405333
2018-04-20,19.677999
2018-04-23,19.419333
2018-04-24,19
2018-04-25,18.9
2018-04-26,18.583332
2018-04-27,19.024668
2018-04-30,19.573999
2018-05-01,19.567333
2018-05-02,19.904667
2018-05-03,18.586
2018-05-04,18.866667
2018-05-07,19.833332
2018-05-08,20.053333
2018-05-09,20.027332
2018-05-10,20.5
2018-05-11,20.513332
2018-05-14,20.221333
2018-05-15,19.000668
2018-05-16,18.922001
2018-05-17,19.059999
2018-05-18,18.976667
2018-05-21,18.755333
2018-05-22,19.184
2018-05-23,18.517332
2018-05-24,18.559999
2018-05-25,18.508667
2018-05-29,18.567333
2018-05-30,18.886
2018-05-31,19.147333
2018-06-01,19.057333
2018-06-04,19.622667
2018-06-05,19.846666
2018-06-06,20.033333
2018-06-07,21.076668
2018-06-08,21.266666
2018-06-11,21.500668
2018-06-12,22.98
2018-06-13,23.114
2018-06-14,23.175333
2018-06-15,23.589333
2018-06-18,23.693333
2018-06-19,24.344
2018-06-20,23.869333
2018-06-21,24.133333
2018-06-22,23.436001
2018-06-25,22.007999
2018-06-26,22.403334
2018-06-27,23
2018-06-28,23.243999
2018-06-29,23.555332
2018-07-02,24.004667
2018-07-03,22.116667
2018-07-05,20.917334
2018-07-06,20.33
2018-07-09,20.799334
2018-07-10,21.637333
2018-07-11,21.053333
2018-07-12,21.428667
2018-07-13,21.038668
2018-07-16,20.780666
2018-07-17,20.587334
2018-07-18,21.666668
2018-07-19,21.088667
2018-07-20,21.415333
2018-07-23,20.122667
2018-07-24,20.294666
2018-07-25,19.782667
2018-07-26,20.323334
2018-07-27,20.483334
2018-07-30,19.726667
2018-07-31,19.483334
2018-08-01,19.865999
2018-08-02,21.896
2018-08-03,23.187332
2018-08-06,23.030666
2018-08-07,22.922667
2018-08-08,24.606001
2018-08-09,24.370001
2018-08-10,23.6
2018-08-13,24.075333
2018-08-14,23.896667
2018-08-15,22.794001
2018-08-16,22.660667
2018-08-17,21.566668
2018-08-20,19.446667
2018-08-21,20.707333
2018-08-22,21.391333
2018-08-23,21.275999
2018-08-24,21.379999
2018-08-27,21.200001
2018-08-28,21.227333
2018-08-29,20.684668
2018-08-30,20.150667
2018-08-31,20.133333
2018-09-04,19.796
2018-09-05,19.003332
2018-09-06,18.986668
2018-09-07,17.34
2018-09-10,18.217333
2018-09-11,18.631332
2018-09-12,18.762667
2018-09-13,19.201332
2018-09-14,19.250668
2018-09-17,19.336
2018-09-18,19.779333
2018-09-19,18.700666
2018-09-20,20.237333
2018-09-21,19.846666
2018-09-24,19.898666
2018-09-25,20
2018-09-26,20.127333
2018-09-27,20.860001
2018-09-28,18.017332
2018-10-01,20.384666
2018-10-02,20.93
2018-10-03,20.222
2018-10-04,19.596666
2018-10-05,18.309999
2018-10-08,17.634666
2018-10-09,17.016666
2018-10-10,17.640667
2018-10-11,17.168667
2018-10-12,17.4
2018-10-15,17.270666
2018-10-16,17.713333
2018-10-17,18.826668
2018-10-18,17.952667
2018-10-19,17.826
2018-10-22,17.378668
2018-10-23,17.591333
2018-10-24,20.07
2018-10-25,21.148001
2018-10-26,20.549999
2018-10-29,22.497999
2018-10-30,21.892668
2018-10-31,22.169333
2018-11-01,22.550667
2018-11-02,22.916
2018-11-05,22.700001
2018-11-06,22.604668
2018-11-07,22.889334
2018-11-08,23.233334
2018-11-09,23.266666
2018-11-12,23.224667
2018-11-13,22.210667
2018-11-14,22.846666
2018-11-15,22.822001
2018-11-16,23.012667
2018-11-19,23.756001
2018-11-20,22.783333
2018-11-21,23.466667
2018-11-23,22.290001
2018-11-26,21.666668
2018-11-27,22.67
2018-11-28,23.066
2018-11-29,23.133333
2018-11-30,22.788668
2018-12-03,24
2018-12-04,23.736668
2018-12-06,23.733999
2018-12-07,24.6
2018-12-10,24
2018-12-11,24.660667
2018-12-12,24.628
2018-12-13,24.676666
2018-12-14,25
2018-12-17,24.133333
2018-12-18,23.369333
2018-12-19,22.506666
2018-12-20,21.803333
2018-12-21,21.16
2018-12-24,20.9
2018-12-26,20
2018-12-27,21.322666
2018-12-28,21.540001
2018-12-31,22.519333
2019-01-02,20.406668
2019-01-03,20.466667
2019-01-04,20.4
2019-01-07,21.448
2019-01-08,22.797333
2019-01-09,22.366667
2019-01-10,22.293333
2019-01-11,22.806
2019-01-14,22.825333
2019-01-15,22.333332
2019-01-16,22.985332
2019-01-17,23.080667
2019-01-18,21.533333
2019-01-22,20.321333
2019-01-23,19.5
2019-01-24,18.868668
2019-01-25,19.625999
2019-01-28,19.527332
2019-01-29,19.684668
2019-01-30,20.030001
2019-01-31,20.066668
2019-02-01,20.361334
2019-02-04,20.865334
2019-02-05,20.832666
2019-02-06,21.306
2019-02-07,20.886667
2019-02-08,20.455334
2019-02-11,20.773333
2019-02-12,21.08
2019-02-13,20.823334
2019-02-14,20.225332
2019-02-15,20.299999
2019-02-19,20.437332
2019-02-20,20.294001
2019-02-21,20.120667
2019-02-22,19.632668
2019-02-25,19.860666
2019-02-26,19.481333
2019-02-27,20.118668
2019-02-28,21.261333
2019-03-01,20.462667
2019-03-04,19.874666
2019-03-05,18.799999
2019-03-06,18.431999
2019-03-07,18.589333
2019-03-08,18.460667
2019-03-11,18.901333
2019-03-12,19.099333
2019-03-13,18.926666
2019-03-14,19.496668
2019-03-15,18.900667
2019-03-18,18.4
2019-03-19,17.833332
2019-03-20,17.979334
2019-03-21,18.173332
2019-03-22,18.172001
2019-03-25,17.313999
2019-03-26,17.629333
2019-03-27,17.916668
2019-03-28,18.477333
2019-03-29,18.58
2019-04-01,18.841333
2019-04-02,19.219999
2019-04-03,19.154667
2019-04-04,17.459333
2019-04-05,17.990667
2019-04-08,18.512667
2019-04-09,18.110001
2019-04-10,18.449333
2019-04-11,17.886667
2019-04-12,18.014668
2019-04-15,17.908667
2019-04-16,17.716667
2019-04-17,18.316668
2019-04-18,18.082001
2019-04-22,17.933332
2019-04-23,17.343332
2019-04-24,17.59
2019-04-25,17
2019-04-26,16.433332
2019-04-29,15.724
2019-04-30,16.137333
2019-05-01,15.923333
2019-05-02,16.368
2019-05-03,16.257334
2019-05-06,16.667999
2019-05-07,17.120001
2019-05-08,16.462667
2019-05-09,16.133333
2019-05-10,15.983333
2019-05-13,15.467333
2019-05-14,15.286667
2019-05-15,15.288
2019-05-16,15.299333
2019-05-17,14.797333
2019-05-20,13.52
2019-05-21,13.184
2019-05-22,13.273333
2019-05-23,12.956
2019-05-24,13.322
2019-05-28,12.746667
2019-05-29,12.473333
2019-05-30,12.583333
2019-05-31,12.34
2019-06-03,12.367333
2019-06-04,12.073333
2019-06-05,13.245333
2019-06-06,13.629333
2019-06-07,13.666667
2019-06-10,14.016667
2019-06-11,14.609333
2019-06-12,14.863333
2019-06-13,14.025333
2019-06-14,14.083333
2019-06-17,14.365333
2019-06-18,15.248
2019-06-19,15.007333
2019-06-20,14.866667
2019-06-21,14.414667
2019-06-24,14.882667
2019-06-25,14.959333
2019-06-26,14.687333
2019-06-27,14.63
2019-06-28,14.732667
2019-07-01,15.347333
2019-07-02,15.259333
2019-07-03,15.959333
2019-07-05,15.638
2019-07-08,15.416
2019-07-09,15.264667
2019-07-10,15.61
2019-07-11,15.876
2019-07-12,15.983333
2019-07-15,16.533333
2019-07-16,16.620001
2019-07-17,17.044666
2019-07-18,17.003332
2019-07-19,17.046
2019-07-22,17.25
2019-07-23,17.114
2019-07-24,17.278
2019-07-25,15.566667
2019-07-26,15.128
2019-07-29,15.139333
2019-07-30,15.526667
2019-07-31,16.200001
2019-08-01,16.176666
2019-08-02,15.423333
2019-08-05,15.306667
2019-08-06,15.458667
2019-08-07,15.1
2019-08-08,15.63
2019-08-09,15.736667
2019-08-12,15.532667
2019-08-13,15.254
2019-08-14,15.414
2019-08-15,14.724
2019-08-16,14.444
2019-08-19,14.947333
2019-08-20,15.174667
2019-08-21,14.800667
2019-08-22,14.853333
2019-08-23,14.664667
2019-08-26,14.24
2019-08-27,14.382667
2019-08-28,14.246
2019-08-29,14.6
2019-08-30,15.276667
2019-09-03,14.938667
2019-09-04,15.126
2019-09-05,14.833333
2019-09-06,15.146667
2019-09-09,15.333333
2019-09-10,15.386667
2019-09-11,15.825333
2019-09-12,16.513332
2019-09-13,16.464001
2019-09-16,16.4
2019-09-17,16.164667
2019-09-18,16.333332
2019-09-19,16.4
2019-09-20,16.432667
2019-09-23,16
2019-09-24,16.101334
2019-09-25,14.970667
2019-09-26,15.377333
2019-09-27,16.146667
2019-09-30,16.200001
2019-10-01,16.1
2019-10-02,16.219334
2019-10-03,15.457333
2019-10-04,15.440667
2019-10-07,15.32
2019-10-08,15.724667
2019-10-09,16.087999
2019-10-10,16.351999
2019-10-11,16.476667
2019-10-14,16.526667
2019-10-15,17.18
2019-10-16,17.159332
2019-10-17,17.5
2019-10-18,17.379999
2019-10-21,17.222
2019-10-22,16.954666
2019-10-23,16.966667
2019-10-24,19.891333
2019-10-25,19.848
2019-10-28,21.836
2019-10-29,21.332666
2019-10-30,20.866667
2019-10-31,20.873333
2019-11-01,21.087999
2019-11-04,20.986668
2019-11-05,21.308001
2019-11-06,21.200001
2019-11-07,21.942667
2019-11-08,22.299999
2019-11-11,22.93
2019-11-12,23.126667
2019-11-13,23.666668
2019-11-14,23.073999
2019-11-15,23.375999
2019-11-18,23.528
2019-11-19,23.450001
2019-11-20,24
2019-11-21,23.634001
2019-11-22,22.677334
2019-11-25,22.954666
2019-11-26,22.351334
2019-11-27,22.074667
2019-11-29,22.073999
2019-12-02,21.959999
2019-12-03,22.174667
2019-12-04,22.516666
2019-12-05,22.188667
2019-12-06,22.333332
2019-12-09,22.439333
2019-12-10,22.664
2019-12-11,23.458668
2019-12-12,23.661333
2019-12-13,24.07
2019-12-16,24.17
2019-12-17,25.266001
2019-12-18,25.375334
2019-12-19,26.488001
2019-12-20,27.352667
2019-12-23,27.452
2019-12-24,27.890667
2019-12-26,28.527332
2019-12-27,29
2019-12-30,28.586
2019-12-31,27
2020-01-02,28.299999
2020-01-03,29.366667
2020-01-06,29.364668
2020-01-07,30.76
2020-01-08,31.58
2020-01-09,33.139999
2020-01-10,32.119331
2020-01-13,32.900002
2020-01-14,36.284
2020-01-15,35.317333
2020-01-16,32.916668
2020-01-17,33.840668
2020-01-21,35.349998
2020-01-22,38.125999
2020-01-23,37.616669
2020-01-24,38.042
2020-01-27,36.132668
2020-01-28,37.899334
2020-01-29,38.379333
2020-01-30,42.161331
2020-01-31,42.666668
2020-02-03,44.912666
2020-02-04,58.863998
2020-02-05,54.883999
2020-02-06,46.661331
2020-02-07,48.703335
2020-02-10,53.333332
2020-02-11,51.252666
2020-02-12,51.858002
2020-02-13,49.456001
2020-02-14,52.481335
2020-02-18,56.106667
2020-02-19,61.566666
2020-02-20,60.796665
2020-02-21,60.465332
2020-02-24,55.933334
2020-02-25,56.599998
2020-02-26,52.166668
2020-02-27,48.666668
2020-02-28,41.98
2020-03-02,47.417332
2020-03-03,53.666668
2020-03-04,50.930668
2020-03-05,48.251331
2020-03-06,46
2020-03-09,40.359333
2020-03-10,43.962002
2020-03-11,42.68
2020-03-12,38.726002
2020-03-13,39.666668
2020-03-16,31.299999
2020-03-17,29.334
2020-03-18,25.933332
2020-03-19,24.98
2020-03-20,29.213333
2020-03-23,28.906668
2020-03-24,31.82
2020-03-25,36.349998
2020-03-26,36.492668
2020-03-27,33.666668
2020-03-30,34.017334
2020-03-31,33.416668
2020-04-01,33.599998
2020-04-02,32.068668
2020-04-03,33.966667
2020-04-06,34.080002
2020-04-07,36.333332
2020-04-08,36.946667
2020-04-09,37.472668
2020-04-13,39.344002
2020-04-14,46.598
2020-04-15,49.466667
2020-04-16,47.796001
2020-04-17,51.485332
2020-04-20,48.846668
2020-04-21,48.674667
2020-04-22,46.931999
2020-04-23,48.506668
2020-04-24,47.387333
2020-04-27,49.174
2020-04-28,53.042667
2020-04-29,52.678001
2020-04-30,57.012669
2020-05-01,50.333332
2020-05-04,46.733334
2020-05-05,52.652668
2020-05-06,51.766666
2020-05-07,51.813999
2020-05-08,52.917999
2020-05-11,52.700668
2020-05-12,55.133331
2020-05-13,54.722
2020-05-14,52
2020-05-15,52.689999
2020-05-18,55.185333
2020-05-19,54.344666
2020-05-20,54.700001
2020-05-21,54.400002
2020-05-22,54.811333
2020-05-26,55.633331
2020-05-27,54.723999
2020-05-28,54.234001
2020-05-29,53.916668
2020-06-01,57.200001
2020-06-02,59.646667
2020-06-03,59.208
2020-06-04,59.325333
2020-06-05,58.522667
2020-06-08,61.266666
2020-06-09,62.667332
2020-06-10,66.125336
2020-06-11,66.013336
2020-06-12,65.333336
2020-06-15,61.186001
2020-06-16,67.456665
2020-06-17,65.847336
2020-06-18,66.866669
2020-06-19,67.518669
2020-06-22,66.66333
2020-06-23,66.592003
2020-06-24,66.274002
2020-06-25,63.618
2020-06-26,66.318665
2020-06-29,64.60067
2020-06-30,67.099998
2020-07-01,72.199997
2020-07-02,81.431999
2020-07-06,85.112663
2020-07-07,93.667336
2020-07-08,93.666664
2020-07-09,93.132668
2020-07-10,93.066666
2020-07-13,110.599998
2020-07-14,103.73333
2020-07-15,102.866669
2020-07-16,98.477333
2020-07-17,100.896667
2020-07-20,101.267334
2020-07-21,109.328667
2020-07-22,106.599998
2020-07-23,111.93
2020-07-24,94.400665
2020-07-27,95.666664
2020-07-28,100.26667
2020-07-29,100.066666
2020-07-30,99.199997
2020-07-31,101
2020-08-03,96.613335
2020-08-04,99.667336
2020-08-05,99.532669
2020-08-06,99.388664
2020-08-07,99.96933
2020-08-10,96.533333
2020-08-11,93.066666
2020-08-12,98
2020-08-13,107.400002
2020-08-14,110.999336
2020-08-17,111.800003
2020-08-18,126.599335
2020-08-19,124.333336
2020-08-20,124.045334
2020-08-21,136.317337
2020-08-24,141.751999
2020-08-25,131.659332
2020-08-26,137.333328
2020-08-27,145.363998
2020-08-28,153.007996
2020-08-31,148.203339
2020-09-01,167.380005
2020-09-02,159.66333
2020-09-03,135.743332
2020-09-04,134.270004
2020-09-08,118.666664
2020-09-09,118.866669
2020-09-10,128.736664
2020-09-11,127.313332
2020-09-14,126.98333
2020-09-15,145.520004
2020-09-16,146.623337
2020-09-17,138.53334
2020-09-18,149.313339
2020-09-21,151.043335
2020-09-22,143.199997
2020-09-23,135.053329
2020-09-24,121.26667
2020-09-25,131.156662
2020-09-28,141.539993
2020-09-29,138.666672
2020-09-30,140.440002
2020-10-01,146.919998
2020-10-02,140.463333
2020-10-05,141.116669
2020-10-06,141.263336
2020-10-07,139.956665
2020-10-08,146.146667
2020-10-09,143.376663
2020-10-12,147.333328
2020-10-13,147.78334
2020-10-14,149.926666
2020-10-15,150.103333
2020-10-16,151.479996
2020-10-19,148.746674
2020-10-20,143.916672
2020-10-21,140.899994
2020-10-22,147.306671
2020-10-23,140.613327
2020-10-26,137.210007
2020-10-27,141.253326
2020-10-28,138.82666
2020-10-29,136.653336
2020-10-30,135.633331
2020-11-02,131.333328
2020-11-03,136.57666
2020-11-04,143.539993
2020-11-05,142.766663
2020-11-06,145.366669
2020-11-09,146.5
2020-11-10,140.029999
2020-11-11,138.816666
2020-11-12,138.350006
2020-11-13,136.949997
2020-11-16,136.309998
2020-11-17,153.389999
2020-11-18,149.449997
2020-11-19,164
2020-11-20,165.996674
2020-11-23,167.833328
2020-11-24,180.133331
2020-11-25,183.353333
2020-11-27,193.720001
2020-11-30,200.736664
2020-12-01,199.196671
2020-12-02,185.479996
2020-12-03,196.67334
2020-12-04,197.003326
2020-12-07,201.639999
2020-12-08,208.503326
2020-12-09,217.896667
2020-12-10,191.456665
2020-12-11,205.003326
2020-12-14,206.333328
2020-12-15,214.426666
2020-12-16,209.410004
2020-12-17,209.396667
2020-12-18,222.96666
2020-12-21,222.080002
2020-12-22,216
2020-12-23,210.733337
2020-12-24,214.330002
2020-12-28,224.83667
2020-12-29,220.333328
2020-12-30,224
2020-12-31,233.330002
2021-01-04,239.820007
2021-01-05,241.220001
2021-01-06,252.830002
2021-01-07,259.209991
2021-01-08,285.333344
2021-01-11,283.133331
2021-01-12,277
2021-01-13,284.253326
2021-01-14,281.130005
2021-01-15,284
2021-01-19,279.266663
2021-01-20,286.246674
2021-01-21,285
2021-01-22,278.103333
2021-01-25,285
2021-01-26,297.126678
2021-01-27,290.116669
2021-01-28,273.333344
2021-01-29,276.666656
2021-02-01,271.429993
2021-02-02,281.559998
2021-02-03,292.339996
2021-02-04,285
2021-02-05,281.666656
2021-02-08,289.890015
2021-02-09,285.040009
2021-02-10,281.213318
2021-02-11,270.813324
2021-02-12,267.08667
2021-02-16,272.666656
2021-02-17,259.696655
2021-02-18,260.299988
2021-02-19,265
2021-02-22,254.213333
2021-02-23,220.710007
2021-02-24,237.28334
2021-02-25,242.050003
2021-02-26,233.333328
2021-03-01,230.036667
2021-03-02,239.426666
2021-03-03,229.330002
2021-03-04,218.600006
2021-03-05,208.686661
2021-03-08,200.183334
2021-03-09,202.726669
2021-03-10,233.433334
2021-03-11,233.133331
2021-03-12,223.333328
2021-03-15,231.363327
2021-03-16,234.449997
2021-03-17,218.956665
2021-03-18,228.096664
2021-03-19,215.53334
2021-03-22,228.196671
2021-03-23,225.256668
2021-03-24,222.636673
2021-03-25,204.333328
2021-03-26,213.956665
2021-03-29,205.213333
2021-03-30,200.583328
2021-03-31,215.539993
2021-04-01,229.456665
2021-04-05,235.903336
2021-04-06,230.100006
2021-04-07,229
2021-04-08,225.793335
2021-04-09,225.92334
2021-04-12,228.566666
2021-04-13,237.566666
2021-04-14,256.899994
2021-04-15,247.699997
2021-04-16,242.883331
2021-04-19,239.866669
2021-04-20,239.139999
2021-04-21,234.92334
2021-04-22,247.166672
2021-04-23,239.933334
2021-04-26,247
2021-04-27,239.320007
2021-04-28,232.136673
2021-04-29,233.169998
2021-04-30,222.529999
2021-05-03,234.600006
2021-05-04,226.313339
2021-05-05,227.020004
2021-05-06,226.919998
2021-05-07,221.933334
2021-05-10,221.633331
2021-05-11,199.746674
2021-05-12,200.830002
2021-05-13,200.513336
2021-05-14,194.470001
2021-05-17,191.850006
2021-05-18,189.333328
2021-05-19,184.183334
2021-05-20,191.666672
2021-05-21,198.703339
2021-05-24,193.866669
2021-05-25,202.436661
2021-05-26,202.520004
2021-05-27,206.746674
2021-05-28,209.5
2021-06-01,209.266663
2021-06-02,206.710007
2021-06-03,200.600006
2021-06-04,193.236664
2021-06-07,197.276672
2021-06-08,207.669998
2021-06-09,200.723328
2021-06-10,201.293335
2021-06-11,203.410004
2021-06-14,204.07666
2021-06-15,205.563339
2021-06-16,199.179993
2021-06-17,200.630005
2021-06-18,204.456665
2021-06-21,208.160004
2021-06-22,206.083328
2021-06-23,210.666672
2021-06-24,224.996674
2021-06-25,229.860001
2021-06-28,223.880005
2021-06-29,228.21666
2021-06-30,226.589996
2021-07-01,227.973328
2021-07-02,226.32666
2021-07-06,227.236664
2021-07-07,221.42334
2021-07-08,209.456665
2021-07-09,217.726669
2021-07-12,220.733337
2021-07-13,228.773331
2021-07-14,223.583328
2021-07-15,219.463333
2021-07-16,218.226669
2021-07-19,209.963333
2021-07-20,217.330002
2021-07-21,219.869995
2021-07-22,218.813339
2021-07-23,215.453339
2021-07-26,216.990005
2021-07-27,221.133331
2021-07-28,215.666672
2021-07-29,216.596664
2021-07-30,223.919998
2021-08-02,233.333328
2021-08-03,239.666672
2021-08-04,237
2021-08-05,238.666672
2021-08-06,237.300003
2021-08-09,236.723328
2021-08-10,237.996674
2021-08-11,237.570007
2021-08-12,235.446671
2021-08-13,241.236664
2021-08-16,235.023331
2021-08-17,224.220001
2021-08-18,223.25
2021-08-19,226.070007
2021-08-20,227.616669
2021-08-23,228.479996
2021-08-24,236.893326
2021-08-25,235.676666
2021-08-26,236.103333
2021-08-27,235
2021-08-30,238.240005
2021-08-31,244.333328
2021-09-01,244.693329
2021-09-02,244.833328
2021-09-03,244.083328
2021-09-07,246.666672
2021-09-08,253.860001
2021-09-09,251.136673
2021-09-10,253.199997
2021-09-13,246.736664
2021-09-14,247.523331
2021-09-15,248.333328
2021-09-16,250.943329
2021-09-17,252.383331
2021-09-20,244.853333
2021-09-21,244.929993
2021-09-22,247.843338
2021-09-23,251.666672
2021-09-24,248.630005
2021-09-27,257.706665
2021-09-28,262.399994
2021-09-29,259.933319
2021-09-30,260.333344
2021-10-01,259.466675
2021-10-04,265.5
2021-10-05,261.600006
2021-10-06,258.733337
2021-10-07,261.820007
2021-10-08,265.40332
2021-10-11,262.549988
2021-10-12,266.976654
2021-10-13,270.156677
2021-10-14,271.829987
2021-10-15,274.579987
2021-10-18,283.929993
2021-10-19,292.51001
2021-10-20,288.450012
2021-10-21,285.333344
2021-10-22,298.5
2021-10-25,316.843323
2021-10-26,341.563324
2021-10-27,346.553345
2021-10-28,356.103333
2021-10-29,360.619995
2021-11-01,381.666656
2021-11-02,386.453339
2021-11-03,392.443329
2021-11-04,411.470001
2021-11-05,409.333344
2021-11-08,383.263336
2021-11-09,391.200012
2021-11-10,336.803345
2021-11-11,367.589996
2021-11-12,349.166656
2021-11-15,339.209991
2021-11-16,334.436676
2021-11-17,354.503326
2021-11-18,368.850006
2021-11-19,366.290009
2021-11-22,387.443329
2021-11-23,389.170013
2021-11-24,360.130005
2021-11-26,366.48999
2021-11-29,366.996674
2021-11-30,381.456665
2021-12-01,386.899994
2021-12-02,366.353333
2021-12-03,361.59668
2021-12-06,333.83667
2021-12-07,348.066681
2021-12-08,350.90332
2021-12-09,353.546661
2021-12-10,336.25
2021-12-13,333.696655
2021-12-14,315
2021-12-15,317.736664
2021-12-16,331.5
2021-12-17,304.92334
2021-12-20,303.566681
2021-12-21,305.623322
2021-12-22,321.886658
2021-12-23,335.600006
2021-12-27,357.890015
2021-12-28,369.829987
2021-12-29,366.213318
2021-12-30,353.776672
2021-12-31,357.813324
2022-01-03,382.583344
2022-01-04,396.516663
2022-01-05,382.216675
2022-01-06,359
2022-01-07,360.123322
2022-01-10,333.333344
2022-01-11,351.223328
2022-01-12,359.616669
2022-01-13,369.690002
2022-01-14,339.959991
2022-01-18,342.203339
2022-01-19,347.236664
2022-01-20,336.57666
2022-01-21,332.113342
2022-01-24,301.58667
2022-01-25,304.733337
2022-01-26,317.476654
2022-01-27,311.119995
2022-01-28,277.186676
2022-01-31,290.90332
2022-02-01,311.736664
2022-02-02,309.393341
2022-02-03,294
2022-02-04,299.073334
2022-02-07,307.929993
2022-02-08,301.843323
2022-02-09,311.666656
2022-02-10,302.790009
2022-02-11,303.209991
2022-02-14,287.190002
2022-02-15,300
2022-02-16,304.683319
2022-02-17,304.420013
2022-02-18,295.333344
2022-02-22,278.043335
2022-02-23,276.809998
2022-02-24,233.463333
2022-02-25,269.743347
2022-02-28,271.670013
2022-03-01,289.893341
2022-03-02,290.709991
2022-03-03,292.92334
2022-03-04,283.033325
2022-03-07,285.433319
2022-03-08,265.176666
2022-03-09,279.82666
2022-03-10,283.816681
2022-03-11,280.066681
2022-03-14,260.203339
2022-03-15,258.42334
2022-03-16,269.666656
2022-03-17,276.996674
2022-03-18,291.496674
2022-03-21,304.993347
2022-03-22,310
2022-03-23,326.646667
2022-03-24,336.57666
2022-03-25,336
2022-03-28,355.033325
2022-03-29,369.329987
2022-03-30,363.723328
2022-03-31,364.856659
2022-04-01,360.383331
2022-04-04,363.126678
2022-04-05,378.766663
2022-04-06,357.823334
2022-04-07,350.796661
2022-04-08,347.736664
2022-04-11,326.799988
2022-04-12,332.546661
2022-04-13,327.026672
2022-04-14,333.09668
2022-04-18,329.676666
2022-04-19,335.019989
2022-04-20,343.333344
2022-04-21,358.243347
2022-04-22,338.303345
2022-04-25,326.323334
2022-04-26,331.809998
2022-04-27,299.526672
2022-04-28,299.993347
2022-04-29,300.75
2022-05-02,286.92334
2022-05-03,301.059998
2022-05-04,301.313324
2022-05-05,313.006653
2022-05-06,295.666656
2022-05-09,278.816681
2022-05-10,273.103333
2022-05-11,265
2022-05-12,233.666672
2022-05-13,257.82666
2022-05-16,255.720001
2022-05-17,249.119995
2022-05-18,248.17334
2022-05-19,235.666672
2022-05-20,237.996674
2022-05-23,218.339996
2022-05-24,217.843338
2022-05-25,207.949997
2022-05-26,220.473328
2022-05-27,241.083328
2022-05-31,257.946655
2022-06-01,251.720001
2022-06-02,244.156662
2022-06-03,243.226669
2022-06-06,244.353333
2022-06-07,234
2022-06-08,240.08667
2022-06-09,249.339996
2022-06-10,235.156662
2022-06-13,223.166672
2022-06-14,218.286667
2022-06-15,220.916672
2022-06-16,222.736664
2022-06-17,213.433334
2022-06-21,224.603333
2022-06-22,234.503326
2022-06-23,237.906662
2022-06-24,237.470001
2022-06-27,249.366669
2022-06-28,244.483337
2022-06-29,230.5
2022-06-30,224.509995
2022-07-01,227
2022-07-05,223
2022-07-06,230.779999
2022-07-07,233.919998
2022-07-08,242.333328
2022-07-11,252.103333
2022-07-12,236.846664
2022-07-13,225.5
2022-07-14,234.896667
2022-07-15,240
2022-07-18,244.936661
2022-07-19,245
2022-07-20,246.78334
2022-07-21,255.106674
2022-07-22,276.220001
2022-07-25,272.216675
2022-07-26,266.513336
2022-07-27,263.809998
2022-07-28,280.066681
2022-07-29,280.700012
2022-08-01,301.276672
2022-08-02,294.003326
2022-08-03,305
2022-08-04,311
2022-08-05,302.670013
2022-08-08,295
2022-08-09,290.293335
2022-08-10,297.066681
2022-08-11,296.513336
2022-08-12,289.416656
2022-08-15,301.786682
2022-08-16,311.666656
2022-08-17,303.396667
2022-08-18,306
2022-08-19,299
2022-08-22,291.91333
2022-08-23,291.453339
2022-08-24,297.563324
2022-08-25,302.359985
2022-08-26,297.429993
2022-08-29,282.829987
2022-08-30,287.869995
2022-08-31,280.619995
2022-09-01,272.579987
2022-09-02,281.070007
2022-09-06,272.679993
2022-09-07,273.100006
2022-09-08,281.299988
2022-09-09,291.670013
2022-09-12,300.720001
2022-09-13,292.899994
2022-09-14,292.23999
2022-09-15,301.829987
2022-09-16,299.609985
2022-09-19,300.089996
2022-09-20,306.910004
2022-09-21,308.290009
2022-09-22,299.859985
2022-09-23,283.089996
2022-09-26,271.829987
2022-09-27,283.839996
2022-09-28,283.079987
2022-09-29,282.76001
2022-09-30,266.149994
2022-10-03,254.5
2022-10-04,250.520004
2022-10-05,245.009995
2022-10-06,239.440002
2022-10-07,233.940002
2022-10-10,223.929993
2022-10-11,220.949997
2022-10-12,215.330002
2022-10-13,208.300003
2022-10-14,224.009995
2022-10-17,210.039993
2022-10-18,229.5
2022-10-19,219.800003
2022-10-20,208.279999
2022-10-21,206.419998
2022-10-24,205.820007
2022-10-25,210.100006
2022-10-26,219.399994
2022-10-27,229.770004
2022-10-28,225.399994
2022-10-31,226.190002
2022-11-01,234.050003
2022-11-02,226.039993
2022-11-03,211.360001
2022-11-04,222.600006
2022-11-07,208.649994
2022-11-08,194.020004
2022-11-09,190.779999
2022-11-10,189.899994
2022-11-11,186
2022-11-14,192.770004
2022-11-15,195.880005
2022-11-16,191.509995
2022-11-17,183.960007
2022-11-18,185.050003
2022-11-21,175.850006
2022-11-22,168.630005
2022-11-23,173.570007
2022-11-25,185.059998
2022-11-28,179.960007
2022-11-29,184.990005
2022-11-30,182.429993
2022-12-01,197.080002
2022-12-02,191.779999
2022-12-05,189.440002
2022-12-06,181.220001
2022-12-07,175.029999
2022-12-08,172.199997
2022-12-09,173.839996
2022-12-12,176.100006
2022-12-13,174.869995
2022-12-14,159.25
2022-12-15,153.440002
2022-12-16,159.639999
2022-12-19,154
2022-12-20,146.050003
2022-12-21,139.339996
2022-12-22,136
2022-12-23,126.370003
2022-12-27,117.5
2022-12-28,110.349998
2022-12-29,120.389999
2022-12-30,119.949997
2023-01-03,118.470001
2023-01-04,109.110001
2023-01-05,110.510002
2023-01-06,103
2023-01-09,118.959999
2023-01-10,121.07
2023-01-11,122.089996
2023-01-12,122.559998
2023-01-13,116.550003
2023-01-17,125.699997
2023-01-18,136.559998
2023-01-19,127.260002
2023-01-20,128.679993
2023-01-23,135.869995
2023-01-24,143
2023-01-25,141.910004
2023-01-26,159.970001
2023-01-27,162.429993
2023-01-30,178.050003
2023-01-31,164.570007
2023-02-01,173.889999
2023-02-02,187.330002
2023-02-03,183.949997
2023-02-06,193.009995
2023-02-07,196.429993
2023-02-08,196.100006
2023-02-09,207.779999
2023-02-10,202.229996
2023-02-13,194.419998
2023-02-14,191.940002
2023-02-15,211.759995
2023-02-16,210.779999
2023-02-17,199.990005
2023-02-21,204.990005
2023-02-22,197.929993
2023-02-23,203.910004
2023-02-24,196.330002
2023-02-27,202.029999
2023-02-28,210.589996
2023-03-01,206.210007
2023-03-02,186.740005
2023-03-03,194.800003
2023-03-06,198.539993
2023-03-07,191.380005
2023-03-08,185.039993
2023-03-09,180.25
2023-03-10,175.130005
2023-03-13,167.460007
2023-03-14,177.309998
2023-03-15,180.800003
2023-03-16,180.369995
2023-03-17,184.520004
2023-03-20,178.080002
2023-03-21,188.279999
2023-03-22,199.300003
2023-03-23,195.259995
2023-03-24,191.649994
2023-03-27,194.419998
2023-03-28,192
2023-03-29,193.130005
2023-03-30,195.580002
2023-03-31,197.529999
2023-04-03,199.910004
2023-04-04,197.320007
2023-04-05,190.520004
2023-04-06,183.080002
2023-04-10,179.940002
2023-04-11,186.690002
2023-04-12,190.740005
2023-04-13,182.960007
2023-04-14,183.949997
2023-04-17,186.320007
2023-04-18,187.149994
2023-04-19,179.100006
2023-04-20,166.169998
2023-04-21,164.800003
2023-04-24,164.649994
2023-04-25,159.820007
2023-04-26,160.289993
2023-04-27,152.639999
2023-04-28,160.899994
2023-05-01,163.169998
2023-05-02,161.880005
2023-05-03,160.009995
2023-05-04,162.710007
2023-05-05,163.970001
2023-05-08,173.720001
2023-05-09,168.949997
2023-05-10,172.550003
2023-05-11,168.699997
2023-05-12,176.070007
2023-05-15,167.660004
2023-05-16,165.649994
2023-05-17,168.410004
2023-05-18,174.220001
2023-05-19,177.169998
2023-05-22,180.699997
2023-05-23,186.199997
2023-05-24,182.229996
2023-05-25,186.539993
2023-05-26,184.619995
2023-05-30,200.100006
2023-05-31,199.779999
2023-06-01,202.589996
2023-06-02,210.149994
2023-06-05,217.800003
2023-06-06,216.139999
2023-06-07,228
2023-06-08,224.220001
2023-06-09,249.070007
2023-06-12,247.940002
2023-06-13,253.509995
2023-06-14,260.170013
2023-06-15,248.399994
2023-06-16,258.920013
2023-06-20,261.5
2023-06-21,275.130005
2023-06-22,250.770004
2023-06-23,259.290009
2023-06-26,250.070007
2023-06-27,243.240005
2023-06-28,249.699997
2023-06-29,258.029999
2023-06-30,260.600006
2023-07-03,276.48999
2023-07-05,278.820007
2023-07-06,278.089996
2023-07-07,278.429993
2023-07-10,276.470001
2023-07-11,268.649994
2023-07-12,276.329987
2023-07-13,274.589996
2023-07-14,277.01001
2023-07-17,286.630005
2023-07-18,290.149994
2023-07-19,296.040009
2023-07-20,279.559998
2023-07-21,268
2023-07-24,255.850006
2023-07-25,272.380005
2023-07-26,263.25
2023-07-27,268.309998
2023-07-28,259.859985
2023-07-31,267.480011
2023-08-01,266.26001
2023-08-02,255.570007
2023-08-03,252.039993
2023-08-04,260.970001
2023-08-07,251.449997
2023-08-08,247.449997
2023-08-09,250.869995
2023-08-10,245.399994
2023-08-11,241.770004
2023-08-14,235.699997
2023-08-15,238.729996
2023-08-16,228.020004
2023-08-17,226.059998
2023-08-18,214.119995
2023-08-21,221.550003
2023-08-22,240.25
2023-08-23,229.339996
2023-08-24,238.660004
2023-08-25,231.309998
2023-08-28,242.580002
2023-08-29,238.580002
2023-08-30,254.199997
2023-08-31,255.979996
2023-09-01,257.26001
2023-09-05,245
2023-09-06,255.139999
2023-09-07,245.070007
2023-09-08,251.220001
2023-09-11,264.269989
2023-09-12,270.76001
2023-09-13,270.070007
2023-09-14,271.320007
2023-09-15,277.549988
2023-09-18,271.160004
2023-09-19,264.350006
2023-09-20,267.040009
2023-09-21,257.850006
2023-09-22,257.399994
2023-09-25,243.380005
2023-09-26,242.979996
2023-09-27,244.259995
2023-09-28,240.020004
2023-09-29,250
2023-10-02,244.809998
2023-10-03,248.610001
2023-10-04,248.139999
2023-10-05,260
2023-10-06,253.979996
2023-10-09,255.309998
2023-10-10,257.75
2023-10-11,266.200012
2023-10-12,262.920013
2023-10-13,258.899994
2023-10-16,250.050003
2023-10-17,250.100006
2023-10-18,252.699997
2023-10-19,225.949997
2023-10-20,217.009995
2023-10-23,210
2023-10-24,216.5
2023-10-25,215.880005
2023-10-26,211.320007
2023-10-27,210.600006
2023-10-30,209.279999
2023-10-31,196.119995
2023-11-01,204.039993
2023-11-02,212.970001
2023-11-03,221.149994
2023-11-06,223.979996
2023-11-07,219.979996
2023-11-08,223.149994
2023-11-09,219.75
2023-11-10,210.029999
2023-11-13,215.600006
2023-11-14,235.029999
2023-11-15,239.289993
2023-11-16,239.490005
2023-11-17,232
2023-11-20,234.039993
2023-11-21,235.039993
2023-11-22,242.039993
2023-11-24,233.75
2023-11-27,236.889999
2023-11-28,236.679993
2023-11-29,249.210007
2023-11-30,245.139999
